<?xml version="1.0" encoding="utf-8"?>
<!--记得把文件名改成卡牌的名字，别再是“卡片模板.xml”了-->
<Card>
  <ID>1056770</ID>
  <!--这里不用填-->
  <Type>Servant</Type>
  <!--卡片类型，随从填Servant，法术填Spell-->
  <Cost>1</Cost>
  <!--卡片费用-->
  <Attack>1</Attack>
  <!--随从攻击力-->
  <Life>1</Life>
  <!--随从生命值-->
  <Tags>
  </Tags>
  <!--随从字段，现在先当成种族来用，现在只有妖精（Fairy）-->
  <Keywords>
  </Keywords>
  <!--随从关键字，现在包括嘲讽（taunt）和冲锋（charge）-->
  <Effects>
  </Effects>
  <!--随从效果，这里暂时不能填东西，你可以写在下面↓-->
  <!--“如果你想写效果，就先写在这里”-->
  <Touhou>
  </Touhou>
  <!--必填选项，这张牌关于东方的梗-->
  <Skin>
    <Image>X神之灵1.png</Image>
    <!--这张牌的卡面的相对文件路径，最好是512x512大小的png-->
    <Name>荒神之魂</Name>
    <!--卡片的名字-->
    <Desc>
    </Desc>
    <!--卡牌描述-->
  </Skin>
</Card>